	PCA_ncomponents_100	PPMI_PCA_ncomponents_100	PPMI_add1_PCA_ncomponents_100	PPMI_LocallyLinearEmbedding_ncomponents_100	PPMI_add1_LocallyLinearEmbedding_ncomponents_100	LocallyLinearEmbedding_ncomponents_100	simpleCount	PPMI_VarianceThreshold_threshold_005	PPMI_add1_VarianceThreshold_threshold_0005	VarianceThreshold_threshold_05	VarianceThreshold_threshold_04	VarianceThreshold_threshold_01	PPMI_add1_VarianceThreshold_threshold_0001	PPMI_VarianceThreshold_threshold_001	VarianceThreshold_threshold_03	VarianceThreshold_threshold_02	PPMI_add1_VarianceThreshold_threshold_001	PPMI_add1_VarianceThreshold_threshold_005	VarianceThreshold_threshold_002	VarianceThreshold_threshold_001	VarianceThreshold_threshold_005	PPMI_VarianceThreshold_threshold_01	PPMI_VarianceThreshold_threshold_03	PPMI_VarianceThreshold_threshold_02	PPMI_add1_NMF_ncomponents_100	NMF_ncomponents_100	PPMI_NMF_ncomponents_100	PPMI_add1	w2v
0	Pete	Pete	Pete	Crowd	établissement	Murray	déferlement	Lashes	Bebe	로댕갤러리)musée	로댕갤러리)musée	emprisonner	Lashes	Bozeman	로댕갤러리)musée	usa	Joseph	perpendiculairement	escadrille	Lashes	golf	Whitechapel	Bunmei	mystérieux	o'	2013.En	Chomatá	Lashes	 
1	label	Bebe	sortir	Cloud	changer	procéder	Lashes	1969.carlo	Nord	talent	talent	socialiste	album	Dying	talent	2019l'	Bebe	santería	déferlement	Agha	naître	album	padouegrand	insaisissable	Sims).Sims	Trivium	Kéti	mezzo	s
2	sortir	Creator	album	vestimentaire	Dalton	soulèvement	mezzo	Grimaldi	album	c.la	c.la	Alice	Bebe	pèr	c.la	Bois	golf	Genthod	Decodts	Natasha	Open	Save	banzai	G.	Artery	album	autiste	déferlement	livre
3	album	Tim	studio	Sud-Est	1876	tension	Jeannine	pèr	escadrille	sir	sir	Flying	1582	1969.carlo	sir	éditions]choquet	Sims	04/09/1343.Siboud	Françis	album	Joseph	Fall	adsl	naître	metal	Pete	pairie	1582	épouse
4	metal	Dying	label	procuration	édition]ilarier	arrive	Bebe	Roll	Aspelin	aubussonnaise	aubussonnaise	déchéance	salma	trinidadien	aubussonnaise	Gallet	Nord	Marshall	FK	tante	sioux	Lashes	14	Rivette	Sims	metal	MockyScénario	pèr	politique
5	o'	1970.elle	Fall	plénipotentiaire	réécriture	Joan	1582	Gadebois	Rock	carpenteri	carpenteri	ima	Roll	mezzo	carpenteri	Suchet	naître	Pier	Pierre-Etienne	salma	G.	Rock	Luisa	foutre	Nan	choriste	Bichonnier	Bebe	direction
6	ashlee	rexher	2013.En	Quimper	1658	conventionnel	pèr	Grégory	2003	Publius	Publius	carcajou).titre	Agha	Tim	Publius	cimetière	Adam	1949)sita	Abu'	Ashlee	Little	compositeur	Lambesis	1990)S'	Chris	gelure	sommiers).réalisation	Bozeman	école
7	Records	trinidadien	metal	profite	pose	sceau	Tourangeau	Mowgli	naître	inférieur	inférieur	mobile	compositeur	Burn	inférieur	1944),9	pilote	latérales).le	boîte	Pete	Bebe	évacuer	Bogandé	RTL	Lyons	Kamelot	Leiris	1969.carlo	fois
8	studio	2013.En	Out	localisation	全国大学ラグビーフットボール選手権大会	successeur	album	1582	Save	wj	wj	pianist	rexher	Phil	wj	汶山驛)hoehyeon	dimanche	télécharger	Bebe	Kavadía	sangler	Agha	mortuaire	sortir	Koehler	2001.Regalis	Biennourry	Burn	présente
9	Sims	album	compositeur	Network	Arma	rudimentaire	Hélian	album	compositeur	1913	1913	pragmatique	Rock	Creator	1913	1842	rexher	Antibes	estran	interviewerreisen	Lashes	Grimaldi	lesbien	Adam	Stoneys	Rushing	vie	trinidadien	petit
