	PCA_ncomponents_100	PPMI_PCA_ncomponents_100	PPMI_add1_PCA_ncomponents_100	PPMI_LocallyLinearEmbedding_ncomponents_100	PPMI_add1_LocallyLinearEmbedding_ncomponents_100	LocallyLinearEmbedding_ncomponents_100	PPMI_add1_MDS_ncomponents_100	PPMI_MDS_ncomponents_100	MDS_ncomponents_100	simpleCount	PPMI_VarianceThreshold_threshold_005	PPMI_add1_VarianceThreshold_threshold_0005	VarianceThreshold_threshold_05	VarianceThreshold_threshold_04	VarianceThreshold_threshold_01	PPMI_add1_VarianceThreshold_threshold_0001	PPMI_VarianceThreshold_threshold_001	PPMI_VarianceThreshold_threshold_015	VarianceThreshold_threshold_03	VarianceThreshold_threshold_02	PPMI_add1_VarianceThreshold_threshold_001	VarianceThreshold_threshold_0001	VarianceThreshold_threshold_0005	VarianceThreshold_threshold_002	VarianceThreshold_threshold_001	VarianceThreshold_threshold_005	PPMI_VarianceThreshold_threshold_01	PPMI_VarianceThreshold_threshold_03	PPMI_VarianceThreshold_threshold_02	PPMI_VarianceThreshold_threshold_04	PPMI_add1_NMF_ncomponents_100	NMF_ncomponents_100	PPMI_NMF_ncomponents_100	PPMI_add1	PPMI	w2v
0	Stravinsky	imagé	Stravinsky	Stravinsky	Neos	Hamlet	rendre	lynchage	Mer	Tchaïkovski	Stravinsky	génération	lever	lever	exposition	mêler	Stravinsky	génération	musique	paraître	ade	Tchaïkovski	yé	génération	yé	1989	électronique	LEOPARDS	génération	aller	funk	soul	bruitist	électronique	Stravinsky	marée
1	don	Quichotte	don	bleu	extérieur	Jeff	konglangu	admettre	gauche	Stravinsky	sonore	rompre	star	star	Metropolis	image	sonore	image	tribune	Arcachon	2004mathieu	Stravinsky	génération	rompre	déferlement	futurisme	prestation	mig	image	vol	soul	funk	rouage	Stravinsky	électronique	mètre
2	Tchaïkovski	fortement	Tchaïkovski	gershwin).de	Rethymno	pandémie	prendre	gouvernement	UE	goût	électronique	image	Roberto	Roberto	contrairement	électronique	électronique	Craig	Costas	avocat	Guillien	goût	Tchaïkovski	star	problème	rompre	sonore	Fame	rompre	total	imagé	epthe	imagé	Tchaïkovski	sonore	l
3	Mozart	Soir	Quichotte	Tchaïkovski	âge	accueillir	Radice	Hidalgo	Keaton'	Requiem	Tchaïkovski	yé	generer	generer	suspens	retracer	attrait	filmer	communal	prestation	Millsart	Requiem	Requiem	artiste	génération	2004mathieu	dj	produire	Craig	provocateur	Espace	Electrical	discursif	sensible	Tchaïkovski	1950
4	sonore	gershwin).de	attrait	don	créer	xix	153	montage	janvierphilibert	génération	attrait	star	suiteniel	suiteniel	goût	rompre	Soir	angle	avocat	interministériel	cesser	génération	star	image	Tchaïkovski	final	mêler	syndicaliste	côté	en).dissolution	don	mêler	fortement	goût	attrait	portail
5	attrait	discursif	funk	Quichotte	Asteras	agriculture	vidéo	conscient	réouverture	Mozart	don	côté	Scott	Scott	commencer	sonore	Quichotte	yé	traverser	retracer	relance	Mozart	rompre	fût	conscient	alia	rappeler	expansion	star	football	Stravinsky	imagé	rappeler	sonore	don	juin
6	Quichotte	don	Soir	Soir	financier	1891	assemblée	flandre	.lundi	mêler	Soir	conscient	avatar	avatar	Millsart	spécialement	Tchaïkovski	dj	2020	1970	Fritz	mêler	prestation	stylistique	star	mondial	bruitist	pied	talent	neuf	discursif	platine	Quichotte	don	Quichotte	chinois
7	mêler	attrait	discursif	Espace	F.C.	xv	Jules	conduire	réoriente	attrait	Quichotte	graver	problématique	problématique	génération	vouloir	don	conscient	1970	musique	alia	sensible	dire	consacre	rompre	talent	dire	division	preuve	You	bruitist	detroit	Soir	prestation	Soir	Has
8	Soir	Tchaïkovski	soul	vision	mi-maréelorsque	implanter	séisme	km2.Glimes	records)the	sensible	Espace	problème	brûle	brûle	futurisme	preuve	discursif	électronique	lauquet	2020	unesco	don	consacre	2003.Mathieu	faire	Metropolis	funk	briser	dj	fonder	Quichotte	rappeler	gershwin).de	Mozart	discursif	but
9	mahler	rouage	mêler	Hamlet	Papandréou	serpentineréalisation	Mohamed	poisson	rugby2007	don	mahler	déferlement	m	m	rompre	discursif	Discogs	rompre	Arcachon	lauquet	Sorbonne	prestation	Mozart	renouer	Requiem	Lang	Mills	Feng	pionnier	Attica	Tchaïkovski	sonore	don	Quichotte	Espace	direction
