	PCA_ncomponents_100	PPMI_PCA_ncomponents_100	PPMI_add1_PCA_ncomponents_100	PPMI_LocallyLinearEmbedding_ncomponents_100	PPMI_add1_LocallyLinearEmbedding_ncomponents_100	LocallyLinearEmbedding_ncomponents_100	PPMI_add1_MDS_ncomponents_100	PPMI_MDS_ncomponents_100	MDS_ncomponents_100	simpleCount	PPMI_VarianceThreshold_threshold_005	PPMI_add1_VarianceThreshold_threshold_0005	VarianceThreshold_threshold_05	VarianceThreshold_threshold_04	VarianceThreshold_threshold_01	PPMI_VarianceThreshold_threshold_001	PPMI_VarianceThreshold_threshold_015	VarianceThreshold_threshold_03	VarianceThreshold_threshold_02	PPMI_add1_VarianceThreshold_threshold_001	VarianceThreshold_threshold_0001	VarianceThreshold_threshold_0005	VarianceThreshold_threshold_002	VarianceThreshold_threshold_001	VarianceThreshold_threshold_005	PPMI_VarianceThreshold_threshold_01	PPMI_VarianceThreshold_threshold_03	PPMI_VarianceThreshold_threshold_02	PPMI_VarianceThreshold_threshold_04	PPMI_add1_NMF_ncomponents_100	NMF_ncomponents_100	PPMI_NMF_ncomponents_100	PPMI_add1	PPMI	w2v
0	ancêtre	cœur	ancêtre	coll	réel	réintégration	2003.Mathieu	Tchekhov	bibliographie	ancêtre	Lambert	Inter	lever	témoigne	habitant	coll	front	algérie	femme	A.-A.	ancêtre	ancêtre	inter-danse	inter-danse	Inter	Perrin	affinis	A.-A.	damer	p	Challanches	128	ancêtre	coll	groupe
1	Inter	Rouen	Perrin	électronique	protester	commissariat	soumettre	intention	urbanisme	Inter	Garnier	occuper	star	présentation	septembre	Lambert	Charles	nommer	isbn	automobile	Inter	Inter	A.-A.	ancêtre	16	Léon	température	occuper	public	128	minerai	p.].	Eyrolles	1999.Laurent	siège
2	1914	Intermittences	Lambert	Denoël	Tibellus	postal	Sault	versa	Clermontains	1914	Brun	automobile	Roberto	714	master	Brun	histoire	Architect	Paris	rugby	1914	radio	ancêtre	animer	radio	Eyrolles	million	école	Clarmont	p.].	Norvège	Brun	Léon	Eyrolles	ouest
3	radio	Flammarion	Electrochoc	Leloup	placer	interpeller	ensptt.il	caixa	ve	radio	Electrochoc	Charles	generer	Monsin	isbn	Eyrolles	restaurer	Sony	978	Marty	radio	inter-danse	animer	radio	ancêtre	Parayre	province	supérieur	5/6	Brun	Maelstrom	p	rtf	Lambert	rencontrer
4	1919	coll	Eyrolles	préface	approcher	département	Milos	rarement	Wallonie	rtf	1999.Laurent	ancêtre	suiteniel	algérie	978	Librio	SbAs3	témoigne	habitant	gérer	rtf	animer	1960	Inter	43	front	1968	SbAs3	hubbsi	Intermittences	sévir	Lambert	Perrin	Brun	division
5	efficacité	Denoël	Brun	Jean-Yves	2021.Švihov	radio	incanti	lamellaire	en)Saison	1919	coll	fonctionner	Scott	général	application	Electrochoc	universel	soutenir	homme	septembre	animer	1914	radio	43	animer	rtf	orientation	front	rugby	cœur	roi	Flammarion	1919	Librio	mois
6	moderne	Bordeaux	Inter	Renoult	extrême	Alsace	99,6	intégral).The	nl	animer	Flammarion	constater	avatar	créer	Gremese	1999.Laurent	II	Monsin	région	militaire	1919	Challanches	Marty	Norvège	1914	Gallimard	bianca	Inter	2d	138	démission	Electrochoc	Lambert	Electrochoc	2,4
7	tri	Beauvais	efficacité	postface	43,94	Inter	Away	revêtir	navigation	France	Denoël	minerai	problématique	seizième	Istres	Garnier	louvaindiodore	714	1968	supérieur	Léon	minerai	militaire	constater	A.-A.	1914	Regan	devenir	battre	Lambert	inter-danse	Rouen	1914	Garnier	marin
8	animer	successivement	Léon	Jean-Philippe	ordre	établissement	sismicité	sélectionneur	commande	Léon	efficacité	inter-danse	brûle	partir	editor	Arlésienne	Sicile	présentation	901	1914	France	rtf	Inter	Maelstrom	chimique	ancêtre	circonscription	gérer	84	Electrochoc	SbAs3	138	1999.Laurent	Léon	atome
9	Perrin	p.].	Arlésienne	funk	Metropolis	forêt	scission	700	.lundi	Eyrolles	Librio	accepte	m	bal	mémoire	Loup	Inter	périhélie	jeudi	Alphonse	devenir	43	1914	Challanches	refus	futurisme	22	Télégraphes	Perrin	Flammarion	XVIII	Bordeaux	Electrochoc	1922	métropole
