	véhicule_10000_PPMI_VarianceThreshold_threshold_001	véhicule_10000_PPMI_add1_PCA_ncomponents_100	véhicule_10000_w2v	voiture_10000_PPMI_VarianceThreshold_threshold_001	voiture_10000_PPMI_add1_PCA_ncomponents_100	voiture_10000_w2v	camion_10000_PPMI_VarianceThreshold_threshold_001	camion_10000_PPMI_add1_PCA_ncomponents_100	camion_10000_w2v
0	saisie	hélicoïdal	introduire	87C	heure	contre	apprêter	neiger	matière
1	Lepeltier	gauja	décret	camionnette	m	janvier	embarquer	munition	Nicolas
2	taire	77,8	pont	remorque	championnat	vie	sauter	riencourt-lès-cagnicourt	scientifique
3	ravitailler	confinement	300	banlieue	Mans	attaque	partance	peloton	réduire
4	supersonique	superposition	soulèvement	endommager	4e	droit	bombarde	neutraliser	champion
5	roue	générateur	féminin	R-2M-2R-2M-2R-2M	minute	ville	étirer	lendemain.28	original
6	alternative	Kymijoki	administratif	entreprise)les	Doha	Henri	ferry	appui	civil
7	tube	Intentional	produire	alterner	prototype	Paris	insu	provisoire	fondateur
8	77,8	composante	priver	01h00	100	no	hosannière	sapeur	John
9	amende	trusts	2001	garage	min	édition	munition	avancée	estonien
